name,source_facility_type,source_id,full_address,provider
Kingswood University,Private Institution,GPAB,"Financial Aid Office, 26 Western Street, Box 5125, Sussex, New Brunswick, Canada, (506) 432-4423",Employment and Social Development Canada
L'Institut Jon rayMond,Private Institution,GPAC,"21 Stone Avenue, Moncton, New Brunswick, Canada, (506) 857-9840",Employment and Social Development Canada
Oulton College,Private Institution,GPAI,"4 Flanders Court, Moncton, New Brunswick, Canada, (506) 858-9696",Employment and Social Development Canada
Atlantic Business College,Private Institution,GPAJ,"1115 Regent Street, Fredericton, New Brunswick, Canada, (506) 450-1408",Employment and Social Development Canada
Northeast Christian College,Private Institution,GPAM,"128 River St., P.O. Box 22017, Fredericton, New Brunswick, Canada, (506) 453-1590",Employment and Social Development Canada
Atlantic Hairstyling and Aesthetics Academy Ltd,Private Institution,GPAO,"23 Sunbury St., Fredericton, New Brunswick, Canada, (506) 453-9196",Employment and Social Development Canada
New Brunswick Bible Institute,Private Institution,GPAR,"2335 Route 103, C/O Dan Robins, Victoria Corner, New Brunswick, Canada, 5063759000",Employment and Social Development Canada
Chez Bernard Beauty Academy,Private Institution,GPAT,"106 Dieppe Boulevard, Dieppe, New Brunswick, Canada, (506) 857-0192",Employment and Social Development Canada
Majestany Institute - Fredericton,Private Institution,GPBD,"120 Westmorland Street, Fredericton, New Brunswick, Canada, (506) 458-8070",Employment and Social Development Canada
Elite Dog Grooming & Academy,Private Institution,GPCB,"45 , Colonial Dr., Moncton, New Brunswick, Canada,",Employment and Social Development Canada
Medavie HealthEd,Private Institution,GPCH,"567 St. George Blvd, Moncton, New Brunswick, Canada, (902) 463-0462",Employment and Social Development Canada
University of Fredericton,Private Institution,GPCJ,"371 Queen st., Fredericton, New Brunswick, Canada,",Employment and Social Development Canada
Atlantic Transport Training Academy,Private Institution,GPCK,"154 Edinburgh Drive East, Moncton, New Brunswick, Canada,",Employment and Social Development Canada
College Trans-Canada College Inc.,Private Institution,GPCM,"715 Coverdale Road, Riverview, New Brunswick, Canada, 1 800-363-1194",Employment and Social Development Canada
Operating Engineers Training Institute,Private Institution,GPCO,"341 King William Road, Saint John, New Brunswick, Canada,",Employment and Social Development Canada
Moncton Flight College,Private Institution,GPCP,"1719 Champlain St., Dieppe, New Brunswick, Canada,",Employment and Social Development Canada
Glamour Paws Grooming Academy,Private Institution,GPCQ,"1633 Mountain Road, Moncton, New Brunswick, Canada,",Employment and Social Development Canada
East Coast Trades College Inc.,Private Institution,GPCR,"1080 Brookside Drive, Fredericton, New Brunswick, Canada, 506-454-0867",Employment and Social Development Canada
Fundy Learning Center (The),Private Institution,GPCT,"186 Adelaide Road, Saint John, New Brunswick, Canada,",Employment and Social Development Canada
Ready Arc Training and Testing,Private Institution,GPCV,"70 McIlveen Drive, Saint John, New Brunswick, Canada,",Employment and Social Development Canada
Eastern College Fredericton,Private Institution,GPCX,"850 Prospect St., Fredericton, New Brunswick, Canada,",Employment and Social Development Canada
Eastern College Moncton,Private Institution,GPCY,"1070 St. George Blvd, Moncton, New Brunswick, Canada,",Employment and Social Development Canada
Eastern College Saint John,Private Institution,GPCZ,"123-212 McAllister Dr., Saint John, New Brunswick, Canada,",Employment and Social Development Canada
Eastern Trades College,Private Institution,GPDA,"123-212 McAllister Dr., Saint John, New Brunswick, Canada,",Employment and Social Development Canada
ECR Heavy Equipment & Const.,Private Institution,GPDC,"65 Taylor Road, Newton, New Brunswick, Canada,",Employment and Social Development Canada
Academy of Learning College Bathurst,Private Institution,GPDD,"219 Main Street, Suite 12, Bathurst, New Brunswick, Canada,",Employment and Social Development Canada
Brenda's Academy of Dog Grooming,Private Institution,GPDE,"209 Collishaw St. Unit B, Moncton, New Brunswick, Canada,",Employment and Social Development Canada
Medes College,Private Institution,GPDF,"1040 Champlain Street, , Suite 300, Dieppe, NB, New Brunswick, Canada, 506-859-1133",Employment and Social Development Canada
Ally Beauty Academy,Private Institution,GPDG,"51 Highfield Street, Suite 300, Moncton , New Brunswick, Canada,",Employment and Social Development Canada
Wizard of Pawz Grooming Academy,Private Institution,GPDH,"607 Saint George Boulevard, Moncton, New Brunswick, Canada,",Employment and Social Development Canada
Mount St. Joseph Nursing Home,Private Institution,GPDI,"51 Lobban Avenue, Miramichi, New Brunswick, Canada,",Employment and Social Development Canada
East Coast Regional Heavy Equipment and Construction,Private Institution,GPDJ,"65 Taylor Road, Newtown, New Brunswick, Canada,",Employment and Social Development Canada
Salon Carrousel,Private Institution,GPFX,"CP 3375, 10, rue Charles, Tracadie-Sheila, New Brunswick, Canada, (506) 395-2197",Employment and Social Development Canada
Ecole de Coiffure Lafrance School of Hair Design,Private Institution,GPGE,"651 E.H Daigle Blvd, Suite 500, PO Box 7428, Grand Falls (Grand Sault), New Brunswick, Canada, (506) 473-7212",Employment and Social Development Canada
St. Stephen's University,Private Institution,GPGR,"8 Main Street, St. Stephen, New Brunswick, Canada, (506) 466-1781",Employment and Social Development Canada
School of Spirit (Pentecostal Tabernacles Inc),Private Institution,GPGX,"350 Barnham Road, Oakland, New Brunswick, Canada, (506) 392-8099",Employment and Social Development Canada
Majestany Institute - Saint John,Private Institution,GPIS,"418 Rothesay Avenue, Saint John, New Brunswick, Canada, 5066934125",Employment and Social Development Canada
Union of New Brunswick Indians Training Institute (UNBI),Private Institution,GPIX,"75 Melissa Street, Unit 1, Fredericton, New Brunswick, Canada, 5064589444",Employment and Social Development Canada
Threshold Ministries,Private Institution,GPJA,"105 Mountain View Drive, Saint John, New Brunswick, Canada, (506) 693-8975",Employment and Social Development Canada
Atlantic College of Therapeutic Massage,Private Institution,GPJO,"2 Peter Kelly Drive, Fredericton, New Brunswick, Canada, (506) 451-8188",Employment and Social Development Canada
Grand Falls Aviation Service Ltd.,Private Institution,GPJV,"3 Ch. Michaud, Grand Falls, New Brunswick, Canada, (506) 473-2566",Employment and Social Development Canada
Mckenzie Learning Systems Inc.,Private Institution,GPKG,"100 Cameron Street, Suite 101, Moncton, New Brunswick, Canada, 5063846460",Employment and Social Development Canada
Crandall University,Private Institution,GPKJ,"333 Gorge Road, Box 6004, Moncton, New Brunswick, Canada, (506) 858-8970",Employment and Social Development Canada
Canadian School of Natural Nutrition,Private Institution,GPKM,"1201 Mountain Road, Suite 205, Moncton, New Brunswick, Canada, (506) 384-2700",Employment and Social Development Canada
Yorkville University,Private Institution,GPKO,"100 Woodside Lane, Suite 120, Fredericton, New Brunswick, Canada, (506) 454-1220",Employment and Social Development Canada
Carpenters Millwrights College of NB Inc.,Private Institution,GPKR,"120 Ashburn Road , P.O. Box 2181, Saint John, New Brunswick, Canada, (506) 632-8840",Employment and Social Development Canada
Amoura Aesthetics,Private Institution,GPKU,"205 Edward Street, Miramichi, New Brunswick, Canada, (506) 622-4331",Employment and Social Development Canada
Emmanuel Baptist Bible Institute,Private Institution,GPKX,"187 Mclaughlin Drive, Moncton, New Brunswick, Canada, (506) 853-7331",Employment and Social Development Canada
Saint Thomas University,University,GUAA,"Registrar's Office, PO Box 4569, 51 Dineen Drive, Fredericton, New Brunswick, Canada, (506) 452-0544",Employment and Social Development Canada
Universite de Moncton - Moncton,University,GUAB,"Centre Etudiants, 18, ave Antoine-Maillet, Moncton, New Brunswick, Canada, (506) 858-3731",Employment and Social Development Canada
Universite de Moncton - Shippagan,University,GUAD,"218, boulevard J.D. Gauthier, Shippagan, New Brunswick, Canada, (506) 336-3404",Employment and Social Development Canada
Universite de Moncton - Edmundston,University,GUAE,"165 Boulevard Hebert, Edmundston, New Brunswick, Canada, (506) 737-5050",Employment and Social Development Canada
Mount Allison University,University,GUAF,"65 York Street, Sackville, New Brunswick, Canada, 5063642200",Employment and Social Development Canada
University of New Brunswick - Fredericton,University,GUAG,"8 Bailey Drive, Room 001, Fredericton, New Brunswick, Canada, (506) 453-4624",Employment and Social Development Canada
University of New Brunswick - Saint John,University,GUAH,"Financial Services , P. O. Box 5050 , 100 Tucker Park Road , Saint John, New Brunswick, Canada, (506) 648-5500",Employment and Social Development Canada
New Brunswick Community Colleges - Woodstock,Technical and Vocational,GVAA,"100 Broadway Street, Woodstock, New Brunswick, Canada, (506) 325-4400",Employment and Social Development Canada
Maritime College of Forest Tech.,Technical and Vocational,GVAB,"1350 Regent Street, Fredericton, New Brunswick, Canada, 5064580199",Employment and Social Development Canada
New Brunswick College of Craft & Design,Technical and Vocational,GVAD,"PO Box 6000, Fredericton, New Brunswick, Canada, 5064532305",Employment and Social Development Canada
New Brunswick Community College - Moncton,Technical and Vocational,GVAE,"1234 Mountain Road, Moncton, New Brunswick, Canada, (506) 856-2220",Employment and Social Development Canada
CCNB - Campbellton,Technical and Vocational,GVAF,"C.P. 309, rue Village, Campbellton, New Brunswick, Canada, (506) 789-2445",Employment and Social Development Canada
CCNB - Edmundston,Technical and Vocational,GVAG,"225, chemin du Pouvoir, C.P. 70, Edmundston, New Brunswick, Canada, (506) 735-2506",Employment and Social Development Canada
New Brunswick Community College - St. Andrews,Technical and Vocational,GVAI,"P.O. Box 427, 99 Augustus Street, St. Andrews, New Brunswick, Canada, (506) 529-5025",Employment and Social Development Canada
New Brunswick Community College - Saint John,Technical and Vocational,GVAK,"950 Grandview Avenue, P.O. Box 2270, Saint John, New Brunswick, Canada, (506) 658-6601",Employment and Social Development Canada
CCNB - Bathurst,Technical and Vocational,GVAN,"C.P. 266, 725, rue du College, Bathurst, New Brunswick, Canada, (506) 547-2145",Employment and Social Development Canada
Moncton Hospital School of Radiologic Technology,Technical and Vocational,GVAO,"135 Macbeath, Moncton, New Brunswick, Canada, (506) 857-5111",Employment and Social Development Canada
Saint John School of Radiation Therapy,Technical and Vocational,GVAQ,"400 University Avenue, Saint John, New Brunswick, Canada, (506) 738-8959",Employment and Social Development Canada
CCNB - Dieppe,Technical and Vocational,GVAT,"505, rue College, Dieppe, New Brunswick, Canada, (506) 856-2200",Employment and Social Development Canada
College de Technologie forestiere des Maritimes,Technical and Vocational,GVAU,"725, rue du College, C.P. 266, Bathurst, New Brunswick, Canada, (506) 546-4176",Employment and Social Development Canada
New Brunswick Community College - Miramichi,Technical and Vocational,GVAV,"P.O. Box 1053, 80 University Avenue, Miramichi, New Brunswick, Canada, (506) 778-6000",Employment and Social Development Canada
New Brunswick Community College - Fredericton,Technical and Vocational,GVAW,"26 Duffie Drive, Fredericton, New Brunswick, Canada, (506) 453-3641",Employment and Social Development Canada
CCNB - Peninsule Acadienne,Technical and Vocational,GVAZ,"232A, avenue de l'Église, Shippagan, New Brunswick, Canada, (506) 336-3073",Employment and Social Development Canada
